Page,Section #,Section,Objective / Guidelines,Visual Direction,Primary CTA,Phase,Owner,Status,Review Notes
Home,01,Hero,Immediately communicate both business models: custom LED display solutions and advertising on company-owned/managed screens.,Full-width LED wall / city-building video. Visually show a building screen changing advertisements.,Get an LED Wall | Advertise With Us,Phase 1,,Pending,
Home,02,Two Ways to Work With Us,Split the business clearly into: Build Your Screen and Advertise on Our Screens.,Two large side-by-side visual cards.,Explore LED Solutions | Find Advertising Space,Phase 1,,Pending,
Home,03,Custom LED Wall Solutions,"Explain customized LED displays for buildings, retail, malls, offices, hotels, restaurants, venues and advertising structures.",Application cards using strong installation photography.,Request a Site Assessment,Phase 1,,Pending,
Home,04,Digitize Your Existing Billboard,"Target billboard owners, agencies, media companies and property owners who want to convert static boards to digital.",Before/after comparison: printed billboard to LED billboard.,Digitize My Billboard,Phase 1,,Pending,
Home,05,How LED Installation Works,"Explain enquiry to installation: requirement, site assessment, design/proposal, installation, go-live and support.",6-step horizontal/vertical journey.,Get a Quote,Phase 1,,Pending,
Advertise,06,Advertise With Us Hero,Introduce the digital advertising network and the ability to advertise on strategic LED screens.,High-impact campaign playing on a large outdoor screen.,Explore Advertising Locations,Phase 1,,Pending,
Advertise,07,Screen / Location Discovery,Allow brands/agencies to discover available screens by location.,Map plus location cards. Cards should scale to hundreds of screens.,View Screen,Phase 1,,Pending,
Advertise,08,Screen Detail Page,"Individual landing page for each screen with location, size, operating hours, formats and campaign options.",Large screen image/video with structured specifications.,Request Advertising Rates,Phase 1,,Pending,
Advertise,09,How Advertising Works,"Explain: choose location, ad duration, frequency, upload creative, approve/schedule, go live.",6-step campaign journey.,Start a Campaign,Phase 1,,Pending,
Advertise,10,Advertising Pricing Concept,"Do not publish fixed rates initially. Explain flexible pricing based on location, screen, duration, frequency and campaign period.","Simple duration cards: 10 sec, 15 sec, 30 sec, 60 sec.",Get Advertising Rates,Phase 1,,Pending,
Partners,11,For Advertising & Marketing Agencies,"Present multi-client, multi-location campaign support and agency partnership opportunities.",Agency dashboard/campaign montage style.,Become an Agency Partner,Phase 1,,Pending,
Partners,12,Property Owners,Generate leads from owners of high-visibility commercial/roadside locations suitable for LED screens.,Building/roadside location photography with screen mockups.,Partner With Us,Phase 1,,Pending,
Network,13,Our Network,Show the growing network by city and location. Must be designed to scale.,Interactive map plus city/screen cards.,Explore Screens,Phase 1,,Pending,
Projects,14,Projects / Our Work,"Visual portfolio of outdoor LED, façades, billboards, indoor LED, retail and advertising network projects.",Image/video-first gallery with category filters.,View Projects,Phase 1,,Pending,
Home,15,Why Us,"Communicate custom-built, end-to-end, outdoor performance, advertising-ready and scalable capabilities.",5 concise benefit cards.,Talk to Us,Phase 1,,Pending,
Home,16,Final CTA,End with the two main journeys plus property partnership.,Large choice cards.,I Need an LED Wall | I Want to Advertise | I Have a Location,Phase 1,,Pending,
Contact,17,Dynamic Lead Form,"First ask what the visitor needs, then display relevant questions for LED installation, advertising, billboard digitization, property partnership or agency enquiry.",Progressive form; mobile-friendly; upload location photo/creative where relevant.,Submit Enquiry,Phase 1,,Pending,
Global,18,Navigation,"Keep navigation simple: Home, LED Solutions, Advertise, Our Screens, Projects, About, Contact.",Sticky clean header with two prominent CTAs.,Get an LED Wall | Advertise,Phase 1,,Pending,
Global,19,Mobile Experience,Mobile-first design with quick enquiry and minimal friction.,Sticky Call | WhatsApp | Get Quote actions; swipeable screen cards.,Call | WhatsApp | Get Quote,Phase 1,,Pending,
Platform,20,Self-Service Advertising Booking,Future journey: City > Screen > Availability > Dates > Ad Length > Frequency > Creative > Price > Pay > Approval > Go Live > Report.,Booking-platform UX; not required for first launch.,Book Advertising,Phase 2,,Future,
